<?xml version="1.0" encoding="UTF-8"?>
<launch4jConfig>
  <dontWrapJar>true</dontWrapJar>
  <headerType>console</headerType>
  <jar>jdjitools.jar</jar>
  <outfile>./bin/jdjitools.exe</outfile>
  <errTitle></errTitle>
  <cmdLine></cmdLine>
  <chdir>.</chdir>
  <priority>normal</priority>
  <downloadUrl>http://java.com/download</downloadUrl>
  <supportUrl></supportUrl>
  <stayAlive>false</stayAlive>
  <manifest></manifest>
  <icon></icon>
  <singleInstance>
    <mutexName>jdjitools</mutexName>
    <windowTitle></windowTitle>
  </singleInstance>
  <jre>
    <path></path>
    <bundledJre64Bit>false</bundledJre64Bit>
    <minVersion>1.7.0</minVersion>
    <maxVersion></maxVersion>
    <jdkPreference>preferJre</jdkPreference>
    <runtimeBits>64/32</runtimeBits>
  </jre>
</launch4jConfig>